{
  "task": "NARMA-10",
  "shots": 10,
  "noise": 0.0,
  "S_budget": 10000,
  "meas_groups": 2,
  "T_eff": 500,
  "reservoir_seeds": [
    0,
    1,
    2,
    3,
    4,
    5,
    6,
    7
  ],
  "data_seed": 42,
  "seed_ev": 0,
  "n_show": 147,
  "ev_nrmse_per_seed": [
    0.9098229243976383,
    0.7841222787092434,
    0.8057308245775023,
    0.7815482225873766,
    0.8669816359152228,
    0.7946853635961088,
    0.8151501325996349,
    0.7820356991695023
  ],
  "traj_nrmse_per_seed": [
    0.8044638357484168,
    0.6973951305825095,
    0.7138977453527077,
    0.7601668634235491,
    0.7363706507348174,
    0.7004250906318222,
    0.6949567097981311,
    0.6859683960144664
  ],
  "gap_per_seed": [
    0.1053590886492215,
    0.08672714812673399,
    0.09183307922479467,
    0.02138135916382744,
    0.13061098518040537,
    0.09426027296428652,
    0.1201934228015038,
    0.09606730315503598
  ],
  "ev_mean": 0.8175096351940286,
  "traj_mean": 0.7242055527858025,
  "gap_mean": 0.09330408240822616,
  "win_rate": 1.0,
  "cfg": {
    "S_budget": 10000,
    "meas_groups": 2,
    "n_qubits": 6,
    "n_layers": 0,
    "lookback": 1,
    "in_scale": 1.0,
    "eta": 1.0,
    "L": 10,
    "washout": 10,
    "train_frac": 0.7,
    "ridge_alpha": 0.001,
    "order": 10,
    "u_low": 0.0,
    "u_high": 0.5,
    "sample_len": 4000,
    "T_min": 50
  },
  "env": {
    "python": "3.11.2 (main, Apr 28 2025, 14:11:48) [GCC 12.2.0]",
    "platform": "Linux-4.4.0-x86_64-with-glibc2.36",
    "numpy": "1.24.0",
    "pandas": "2.2.3"
  }
}